feature,mean_abs_shap
NP2TOT,0.068483934
NP3TOT,0.028625486
NP1TOT,0.026946886
AGE,0.021806795
MCATOT,0.013797203
SEVERITY,0.010956279
SEX,0.0072114603
