feature,mean_abs_shap
NP2TOT,0.06840607
NP3TOT,0.02291981
NP1TOT,0.016372433
SEVERITY,0.015998386
MCATOT,0.013112328
AGE,0.011492892
SEX,0.007856892
