feature,mean_abs_shap
NP2TOT,0.056807827
SEVERITY,0.027258968
NP3TOT,0.023775537
MCATOT,0.0147869345
NP1TOT,0.014292207
AGE,0.0073426007
SEX,0.0035907568
