{
  "mae": 0.057874023206696996,
  "rmse": 0.07664153743668912,
  "r2": 0.7120229836354477,
  "n_train": 4124,
  "n_test": 975,
  "features": [
    "AGE",
    "SEX",
    "NP1TOT",
    "NP2TOT",
    "NP3TOT",
    "MCATOT",
    "SEVERITY"
  ]
}