{
  "mae": 0.08308194677348378,
  "rmse": 0.11168178748712594,
  "r2": 0.5358301199582867,
  "n_train": 589,
  "n_test": 158,
  "features": [
    "AGE",
    "SEX",
    "NP1TOT",
    "NP2TOT",
    "NP3TOT",
    "MCATOT",
    "SEVERITY"
  ]
}