{
  "mae": 0.04847744118024549,
  "rmse": 0.06881223310794372,
  "r2": 0.8022159554368803,
  "n_train": 6497,
  "n_test": 1577,
  "features": [
    "AGE",
    "SEX",
    "NP1TOT",
    "NP2TOT",
    "NP3TOT",
    "MCATOT",
    "SEVERITY"
  ]
}