Horizon,MAE,RMSE,R2,N
SEV_12M,0.0635381124511078,0.08658668436613168,0.7027682193879776,5099
SEV_24M,0.08175185351860445,0.11004677990697458,0.5488263078813511,747
SEV_6M,0.04979898482066742,0.07131967871721034,0.7863783582880204,8074
