fold,n_test,MAE,RMSE,R2
1,1615,0.05210603293786772,0.07622173779375123,0.7603627465300313
2,1615,0.04856146806525804,0.06910605700496575,0.7925769667527849
3,1615,0.05093408231711948,0.0723892699013008,0.7822337174548841
4,1615,0.049800189422992414,0.071801154572829,0.7815747684009902
5,1614,0.04759315136009946,0.06708017431320493,0.8151435923014116
