fold,n_test,MAE,RMSE,R2
1,150,0.08748880433498006,0.11785042475349133,0.6283409492290191
2,150,0.08391399303404974,0.11242979795866746,0.6012793006862528
3,149,0.07742166624530732,0.1178740091694372,0.5638682167975109
4,149,0.0797067351062048,0.10279196676435817,0.5422374431576483
5,149,0.08022806887248031,0.09928770088891872,0.40840562953632464
