fold,n_test,MAE,RMSE,R2
1,1020,0.06776006202659379,0.09159287233253398,0.6899682221901831
2,1020,0.06261736730112362,0.08410194587979075,0.6857390368224374
3,1020,0.06157768305368367,0.08262521929685947,0.7438451414821681
4,1020,0.06254460273294547,0.08813952215052151,0.6919501831869814
5,1019,0.06319084714119243,0.0864738621709527,0.7023385132581182
